id;nom;prenom;photo;password;email
1;Cambodia Frozen Concrete;Borders;Senior;plug-and-play;Rebeca78@gmail.com
2;one-to-one Armenian;Movies Avon Fantastic;azure set withdrawal;Isle National;Britney_Kub57@yahoo.com
3;port copying PNG;Response;Oval withdrawal;Garden;Albertha_Prohaska43@yahoo.com
4;application;integrate Shoes Tajikistan;Sharable PCI;Representative Oklahoma Ergonomic;Dudley_Becker@yahoo.com
5;Loan haptic;Infrastructure;tangible incremental Unbranded;Steel grey framework;Virginia_Nienow7@yahoo.com
6;Dirham Tasty;International;deposit;Adaptive Creek;Dillan.Greenfelder0@yahoo.com
7;Soap Account;framework orchid Security;Books Berkshire initiatives;JSON Cross-platform Baby;Ruben42@hotmail.com
8;schemas haptic;program mesh;panel Licensed;24;Velma49@gmail.com
9;scalable whiteboard;quantify Chair International;Table adapter;Wyoming Developer;Alysson.Haag44@yahoo.com
10;Steel;Soft;virtual;transmitting blockchains Paradigm;Vicenta.Heidenreich15@yahoo.com
